{
    "train_X": "{\"columns\":[\"week_of_year\",\"day\",\"month\",\"is_working_hour\",\"is_weekend\",\"slope\",\"curvature\",\"hour_0\",\"hour_12\"],\"index\":[1577836800000,1577880000000,1577923200000,1577966400000,1578009600000,1578052800000,1578096000000,1578139200000,1578182400000],\"data\":[[1,1,1,0,0,0.0,0.0,1,0],[1,1,1,1,0,0.0,0.0,0,1],[1,2,1,0,0,0.0,0.0,1,0],[1,2,1,1,0,0.0,0.0,0,1],[1,3,1,0,0,0.0,0.0,1,0],[1,3,1,1,0,0.0,0.0,0,1],[1,4,1,0,1,0.0,0.0,1,0],[1,4,1,0,1,0.0,0.0,0,1],[1,5,1,0,1,0.0,0.0,1,0]]}",
    "train_y": "{\"columns\":[\"feat_window_1\",\"feat_window_2\",\"feat_window_3\"],\"index\":[0,1,2,3,4,5,6,7,8],\"data\":[[0.0,0.3333333333,0.75],[0.3333333333,0.75,0.4583333333],[0.75,0.4583333333,0.1666666667],[0.4583333333,0.1666666667,1.0],[0.1666666667,1.0,0.9583333333],[1.0,0.9583333333,0.9166666667],[0.9583333333,0.9166666667,0.1666666667],[0.9166666667,0.1666666667,0.5],[0.1666666667,0.5,0.0]]}",
    "test_X": "{\"columns\":[\"week_of_year\",\"day\",\"month\",\"is_working_hour\",\"is_weekend\",\"slope\",\"curvature\",\"hour_0\",\"hour_12\"],\"index\":[1578312000000,1578355200000,1578398400000],\"data\":[[2,6,1,1,0,0.0,0.0,0,1],[2,7,1,0,0,0.0,0.0,1,0],[2,7,1,1,0,0.0,0.0,0,1]]}",
    "test_y": "{\"columns\":[\"feat_window_1\",\"feat_window_2\",\"feat_window_3\"],\"index\":[0,1,2],\"data\":[[0.75,0.25,1.25],[0.25,1.25,0.5833333333],[1.25,0.5833333333,0.8333333333]]}"
}