{"scaler": {"min": [0.0, 0.0, 0.0, 0.0, 0.0, 0.0, 0.0, 0.0, 0.0, 0.0, 0.0, 0.0, 0.0, 0.0, 0.0, 0.0, 0.0, 0.0, 0.0, 0.0, 0.0, 0.0, 0.0, 0.0, 0.0, 0.0, 0.0, 0.0, 0.0, 0.0, 0.0, 0.0, 0.0, 0.0, 0.0, 0.0, 0.0, 0.0, 0.0, 0.0, 0.0, 0.0, 0.0, 0.0, 0.0, 0.0, 0.00245592399682407, 0.0024559723807917413, 0.002445632067829578, 0.002452629395917088, 0.0, 0.0, 0.0, 0.0, 0.0, 0.0, 0.0, 0.0, 0.0, 0.0, 0.0], "scale": [1.0, 1.0, 1.0, 1.0, 1.0, 1.0, 1.0, 1.0, 1.0, 1.0, 1.0, 1.0, 1.0, 1.0, 1.0, 1.0, 1.0, 1.0, 1.0, 1.0, 1.0, 1.0, 1.0, 1.0, 1.0, 1.0, 1.0, 1.0, 1.0, 1.0, 1.0, 1.0, 1.0, 1.0, 1.0, 1.0, 1.0, 1.0, 1.0, 1.0, 1.0, 1.0, 1.0, 1.0, 1.0, 1.0, 0.0004874895006677028, 0.0004874895555362726, 0.00048544660058898686, 0.0004868260015714744, 1.0, 1.0, 1.0, 1.0, 1.0, 1.0, 1.0, 1.0, 1.0, 1.0, 1.0]}, "target_scaler": {"min": [0.002445632067829578], "scale": [0.00048544660058898686]}, "features": ["day_10", "day_11", "day_12", "day_13", "day_14", "day_15", "day_16", "day_17", "day_18", "day_19", "day_2", "day_20", "day_21", "day_22", "day_23", "day_3", "day_4", "day_5", "day_6", "day_7", "day_8", "day_9", "hour_0", "hour_1", "hour_10", "hour_11", "hour_12", "hour_13", "hour_14", "hour_15", "hour_16", "hour_17", "hour_18", "hour_19", "hour_2", "hour_20", "hour_21", "hour_22", "hour_23", "hour_3", "hour_4", "hour_5", "hour_6", "hour_7", "hour_8", "hour_9", "prevDay_actual", "prevDay_min", "prevHour_actual", "prevHour_min", "week_of_year_1", "week_of_year_2", "week_of_year_3", "week_of_year_4", "weekday_0", "weekday_1", "weekday_2", "weekday_3", "weekday_4", "weekday_5", "weekday_6"]}